[
   {
      "model":"feature_requests.clients",
      "pk":1,
      "fields":{
         "client_name":"Client One"
      }
   },
   {
      "model":"feature_requests.clients",
      "pk":2,
      "fields":{
         "client_name":"Client Two"
      }
   },
   {
      "model":"feature_requests.clients",
      "pk":3,
      "fields":{
         "client_name":"Client Three"
      }
   },
   {
      "model":"feature_requests.clients",
      "pk":4,
      "fields":{
         "client_name":"Client Four"
      }
   },
   {
      "model":"feature_requests.projects",
      "pk":1,
      "fields":{
         "project_name":"Project Red",
         "client":1
      }
   },
   {
      "model":"feature_requests.projects",
      "pk":2,
      "fields":{
         "project_name":"Project Blue",
         "client":1
      }
   },
   {
      "model":"feature_requests.projects",
      "pk":3,
      "fields":{
         "project_name":"Project Green",
         "client":2
      }
   },
   {
      "model":"feature_requests.projects",
      "pk":4,
      "fields":{
         "project_name":"Project Purple",
         "client":2
      }
   },
   {
      "model":"feature_requests.projects",
      "pk":5,
      "fields":{
         "project_name":"Project Brown",
         "client":3
      }
   },
   {
      "model":"feature_requests.projects",
      "pk":6,
      "fields":{
         "project_name":"Project Black",
         "client":3
      }
   },
   {
      "model":"feature_requests.projects",
      "pk":7,
      "fields":{
         "project_name":"Project Orange",
         "client":4
      }
   },
   {
      "model":"feature_requests.features",
      "pk":1,
      "fields":{
         "title":"Generic Feature A",
         "description":"Generic Feature A",
         "project":1,
         "priority":1,
         "target_date":"2018-02-19",
         "product_area":2
      }
   },
   {
      "model":"feature_requests.features",
      "pk":2,
      "fields":{
         "title":"Generic Feature B",
         "description":"Generic Feature B",
         "project":1,
         "priority":2,
         "target_date":"2018-02-19",
         "product_area":2
      }
   },
   {
      "model":"feature_requests.features",
      "pk":3,
      "fields":{
         "title":"Generic Feature C",
         "description":"Generic Feature C",
         "project":1,
         "priority":3,
         "target_date":"2018-02-19",
         "product_area":2
      }
   },
   {
      "model":"feature_requests.features",
      "pk":4,
      "fields":{
         "title":"Generic Feature D",
         "description":"Generic Feature D",
         "project":1,
         "priority":4,
         "target_date":"2018-02-19",
         "product_area":2
      }
   },
   {
      "model":"feature_requests.features",
      "pk":5,
      "fields":{
         "title":"Generic Feature E",
         "description":"Generic Feature E",
         "project":1,
         "priority":5,
         "target_date":"2018-02-19",
         "product_area":2
      }
   },
   {
      "model":"feature_requests.features",
      "pk":6,
      "fields":{
         "title":"Generic Feature F",
         "description":"Generic Feature F",
         "project":1,
         "priority":6,
         "target_date":"2018-02-19",
         "product_area":2
      }
   },
   {
      "model":"feature_requests.features",
      "pk":7,
      "fields":{
         "title":"Krakow",
         "description":"Krakow",
         "project":2,
         "priority":1,
         "target_date":"2018-02-19",
         "product_area":2
      }
   },
   {
      "model":"feature_requests.features",
      "pk":8,
      "fields":{
         "title":"Warsaw",
         "description":"Warsaw",
         "project":2,
         "priority":2,
         "target_date":"2018-02-19",
         "product_area":2
      }
   },
   {
      "model":"feature_requests.features",
      "pk":9,
      "fields":{
         "title":"Wodz",
         "description":"Wodz",
         "project":2,
         "priority":3,
         "target_date":"2018-02-19",
         "product_area":2
      }
   },
   {
      "model":"feature_requests.features",
      "pk":10,
      "fields":{
         "title":"Wroclaw",
         "description":"Wroclaw",
         "project":2,
         "priority":4,
         "target_date":"2018-02-19",
         "product_area":2
      }
   },
   {
      "model":"feature_requests.features",
      "pk":11,
      "fields":{
         "title":"Lodz",
         "description":"Lodz",
         "project":2,
         "priority":5,
         "target_date":"2018-02-19",
         "product_area":2
      }
   },
   {
      "model":"feature_requests.features",
      "pk":12,
      "fields":{
         "title":"Sosnoweic",
         "description":"Sosnoweic",
         "project":2,
         "priority":6,
         "target_date":"2018-02-19",
         "product_area":2
      }
   },
   {
      "model":"feature_requests.features",
      "pk":13,
      "fields":{
         "title":"Nashville",
         "description":"Nashville",
         "project":3,
         "priority":1,
         "target_date":"2018-02-19",
         "product_area":3
      }
   },
   {
      "model":"feature_requests.features",
      "pk":14,
      "fields":{
         "title":"Knoxville",
         "description":"Knoxville",
         "project":3,
         "priority":2,
         "target_date":"2018-02-19",
         "product_area":3
      }
   },
   {
      "model":"feature_requests.features",
      "pk":15,
      "fields":{
         "title":"Memphis",
         "description":"Memphis",
         "project":3,
         "priority":3,
         "target_date":"2018-02-19",
         "product_area":3
      }
   },
   {
      "model":"feature_requests.features",
      "pk":16,
      "fields":{
         "title":"Chattanooga",
         "description":"Chattanooga",
         "project":3,
         "priority":4,
         "target_date":"2018-02-19",
         "product_area":3
      }
   },
   {
      "model":"feature_requests.features",
      "pk":17,
      "fields":{
         "title":"Cookeville",
         "description":"Cookeville",
         "project":3,
         "priority":5,
         "target_date":"2018-02-19",
         "product_area":3
      }
   },
   {
      "model":"feature_requests.features",
      "pk":18,
      "fields":{
         "title":"Lion",
         "description":"Lion",
         "project":4,
         "priority":1,
         "target_date":"2018-02-19",
         "product_area":4
      }
   },
   {
      "model":"feature_requests.features",
      "pk":19,
      "fields":{
         "title":"Tiger",
         "description":"Tiger",
         "project":4,
         "priority":2,
         "target_date":"2018-02-19",
         "product_area":4
      }
   },
   {
      "model":"feature_requests.features",
      "pk":20,
      "fields":{
         "title":"Lynx",
         "description":"Lynx",
         "project":4,
         "priority":3,
         "target_date":"2018-02-19",
         "product_area":4
      }
   },
   {
      "model":"feature_requests.features",
      "pk":21,
      "fields":{
         "title":"Jaguar",
         "description":"Jaguar",
         "project":4,
         "priority":4,
         "target_date":"2018-02-19",
         "product_area":4
      }
   },
   {
      "model":"feature_requests.features",
      "pk":22,
      "fields":{
         "title":"Cheetah",
         "description":"Cheetah",
         "project":4,
         "priority":5,
         "target_date":"2018-02-19",
         "product_area":4
      }
   },
   {
      "model":"feature_requests.features",
      "pk":23,
      "fields":{
         "title":"Tyrannosaurus",
         "description":"Tyrannosaurus",
         "project":5,
         "priority":1,
         "target_date":"2018-02-19",
         "product_area":5
      }
   },
   {
      "model":"feature_requests.features",
      "pk":24,
      "fields":{
         "title":"Triceratops",
         "description":"Triceratops",
         "project":5,
         "priority":2,
         "target_date":"2018-02-19",
         "product_area":5
      }
   },
   {
      "model":"feature_requests.features",
      "pk":25,
      "fields":{
         "title":"Velociraptor",
         "description":"Velociraptor",
         "project":5,
         "priority":3,
         "target_date":"2018-02-19",
         "product_area":5
      }
   },
   {
      "model":"feature_requests.features",
      "pk":26,
      "fields":{
         "title":"Brachiosaurus",
         "description":"Brachiosaurus",
         "project":5,
         "priority":4,
         "target_date":"2018-02-19",
         "product_area":5
      }
   },
   {
      "model":"feature_requests.features",
      "pk":27,
      "fields":{
         "title":"Stegosaurus",
         "description":"Stegosaurus",
         "project":5,
         "priority":5,
         "target_date":"2018-02-19",
         "product_area":5
      }
   },
   {
      "model":"feature_requests.features",
      "pk":28,
      "fields":{
         "title":"Sunflower",
         "description":"Sunflower",
         "project":6,
         "priority":1,
         "target_date":"2018-02-19",
         "product_area":2
      }
   },
   {
      "model":"feature_requests.features",
      "pk":29,
      "fields":{
         "title":"Iris",
         "description":"Iris",
         "project":6,
         "priority":2,
         "target_date":"2018-02-19",
         "product_area":2
      }
   },
   {
      "model":"feature_requests.features",
      "pk":30,
      "fields":{
         "title":"Rose",
         "description":"Rose",
         "project":6,
         "priority":3,
         "target_date":"2018-02-19",
         "product_area":5
      }
   },
   {
      "model":"feature_requests.features",
      "pk":31,
      "fields":{
         "title":"Daffodil",
         "description":"Daffodil",
         "project":6,
         "priority":4,
         "target_date":"2018-02-19",
         "product_area":2
      }
   },
   {
      "model":"feature_requests.features",
      "pk":32,
      "fields":{
         "title":"Tulip",
         "description":"Tulip",
         "project":6,
         "priority":5,
         "target_date":"2018-02-19",
         "product_area":2
      }
   },
   {
      "model":"feature_requests.features",
      "pk":33,
      "fields":{
         "title":"Pizza",
         "description":"Pizza",
         "project":7,
         "priority":1,
         "target_date":"2018-02-19",
         "product_area":3
      }
   },
   {
      "model":"feature_requests.features",
      "pk":34,
      "fields":{
         "title":"Cheeseburger",
         "description":"Cheeseburger",
         "project":7,
         "priority":2,
         "target_date":"2018-02-19",
         "product_area":3
      }
   },
   {
      "model":"feature_requests.features",
      "pk":35,
      "fields":{
         "title":"Sushi",
         "description":"Sushi",
         "project":7,
         "priority":3,
         "target_date":"2018-02-19",
         "product_area":3
      }
   },
   {
      "model":"feature_requests.features",
      "pk":36,
      "fields":{
         "title":"Bacon",
         "description":"Bacon",
         "project":7,
         "priority":4,
         "target_date":"2018-02-19",
         "product_area":3
      }
   },
   {
      "model":"feature_requests.features",
      "pk":37,
      "fields":{
         "title":"Chicken Fingers",
         "description":"Chicken Fingers",
         "project":7,
         "priority":5,
         "target_date":"2018-02-19",
         "product_area":3
      }
   },
   {
      "model":"feature_requests.productarea",
      "pk":2,
      "fields":{
         "product_area_name":"Policies"
      }
   },
   {
      "model":"feature_requests.productarea",
      "pk":3,
      "fields":{
         "product_area_name":"Billings"
      }
   },
   {
      "model":"feature_requests.productarea",
      "pk":4,
      "fields":{
         "product_area_name":"Claims"
      }
   },
   {
      "model":"feature_requests.productarea",
      "pk":5,
      "fields":{
         "product_area_name":"Reports"
      }
   }
]